{"mean": [1141.8072085019824, 11.593997990352158, 19.221403541471815, 0.0016808506111375117, 79.24186070702893, 16.09476851137065, 0.40189040083201516, 60.659687170787805], "scale": [1146.786510517152, 36.42977114271765, 40.09252929149144, 0.008482967837562881, 30414.00879081549, 28.85081465207241, 0.7753406775027173, 23183.061712621544]}