{"mean": [60.659687170787805, 2497.476310297565, 79.24186070702893, 22.9228203519435, 1383.198104089134, 11.562811337156958, 11.619234071407318, 1141.8072085019824], "scale": [23183.061712621544, 2165.7789415616853, 30414.00879081549, 4802.08307099673, 1189.4881514412575, 3143.236241356595, 3144.0343969000896, 1146.786510517152]}